{
  "task": "code",
  "winner": "D_long",
  "results": {
    "A_fast": {
      "best_nll": 0.5499904155731201,
      "best_step": 400,
      "init_nll": 0.8551251888275146,
      "delta": 0.30513477325439453
    },
    "B_medium": {
      "best_nll": 0.5464893579483032,
      "best_step": 900,
      "init_nll": 0.8549867868423462,
      "delta": 0.30849742889404297
    },
    "C_gentle": {
      "best_nll": 0.5509727597236633,
      "best_step": 900,
      "init_nll": 0.8551358580589294,
      "delta": 0.3041630983352661
    },
    "D_long": {
      "best_nll": 0.544192910194397,
      "best_step": 1900,
      "init_nll": 0.855083167552948,
      "delta": 0.310890257358551
    }
  }
}