{
  "task": "math",
  "winner": "D_long",
  "results": {
    "A_fast": {
      "best_nll": 0.32957881689071655,
      "best_step": 400,
      "init_nll": 0.49522966146469116,
      "delta": 0.1656508445739746
    },
    "B_medium": {
      "best_nll": 0.3282010555267334,
      "best_step": 900,
      "init_nll": 0.4952118396759033,
      "delta": 0.16701078414916992
    },
    "C_gentle": {
      "best_nll": 0.32946398854255676,
      "best_step": 900,
      "init_nll": 0.49530285596847534,
      "delta": 0.16583886742591858
    },
    "D_long": {
      "best_nll": 0.32682469487190247,
      "best_step": 1800,
      "init_nll": 0.49521005153656006,
      "delta": 0.1683853566646576
    }
  }
}